CasRN,DTXSID,SMILES,Toxicity
24347-58-8,DTXSID801031371,C[C@@H](O)[C@@H](C)O,0
5341-95-7,DTXSID301031540,C[C@@H](O)[C@H](C)O,0
108-32-7,DTXSID2026789,CC1COC(=O)O1,0
56554-53-1,DTXSID10971994,CC(CC(=O)OCC(COC(=O)CC(C)CC(C)(C)C)OC(=O)CC(C)CC(C)(C)C)CC(C)(C)C,0
13241-33-3,DTXSID60927668,[H][C@@]1(O[C@@H]2[C@@H](O)[C@H](O)[C@@H](CO)O[C@H]2OC2=CC(O)=C3C(=O)C[C@H](OC3=C2)C2=CC(O)=C(OC)C=C2)O[C@@H](C)[C@H](O)[C@@H](O)[C@H]1O,0
520-26-3,DTXSID9044328,COC1=C(O)C=C(C=C1)[C@@H]1CC(=O)C2=C(O1)C=C(O[C@@H]1O[C@H](CO[C@@H]3O[C@@H](C)[C@H](O)[C@@H](O)[C@H]3O)[C@@H](O)[C@H](O)[C@H]1O)C=C2O,0
64519-82-0,DTXSID8020753,OCC(O)[C@@H](O)[C@H](O)[C@H](O)CO[C@H]1O[C@H](CO)[C@@H](O)[C@H](O)[C@H]1O,0
7782-91-4,DTXSID20894105,[H+].[H+].O=[Mo--](=O)(=O)=O,0
3085-30-1,DTXSID5027518,CCCCO[Al](OCCCC)OCCCC,0
67-56-1,DTXSID2021731,CO,0
3586-55-8,DTXSID5041225,OCOCCOCO,0
10236-47-2,DTXSID6022478,[H][C@@]1(O[C@@H]2[C@@H](O)[C@H](O)[C@@H](CO)O[C@H]2OC2=CC(O)=C3C(=O)C[C@H](OC3=C2)C2=CC=C(O)C=C2)O[C@@H](C)[C@H](O)[C@@H](O)[C@H]1O,0
20702-77-6,DTXSID3025706,COC1=C(O)C=C(CCC(=O)C2=C(O)C=C(O[C@@H]3O[C@H](CO)[C@@H](O)[C@H](O)[C@H]3O[C@@H]3O[C@@H](C)[C@H](O)[C@@H](O)[C@H]3O)C=C2O)C=C1,0
13473-90-0,DTXSID7040318,[Al+3].[O-][N+]([O-])=O.[O-][N+]([O-])=O.[O-][N+]([O-])=O,0
70321-86-7,DTXSID2028985,CC(C)(C1=CC=CC=C1)C1=CC(N2N=C3C=CC=CC3=N2)=C(O)C(=C1)C(C)(C)C1=CC=CC=C1,0
1241-94-7,DTXSID1025300,CCCCC(CC)COP(=O)(OC1=CC=CC=C1)OC1=CC=CC=C1,0
29761-21-5,DTXSID3025465,"C*.CCCCCCCCCOP(=O)(OC1=CC=CC=C1)OC1=CC=CC=C1 |c:16,18,24,26,t:14,22,lp:11:2,13:2,14:2,21:2,m:1:10.9.8.7.6.5.4.3|",0
991-84-4,DTXSID1052662,CCCCCCCCSC1=NC(SCCCCCCCC)=NC(NC2=CC(=C(O)C(=C2)C(C)(C)C)C(C)(C)C)=N1,0
32687-78-8,DTXSID6027979,CC(C)(C)C1=CC(CCC(=O)NNC(=O)CCC2=CC(=C(O)C(=C2)C(C)(C)C)C(C)(C)C)=CC(=C1O)C(C)(C)C,0
4221-80-1,DTXSID5063364,CC(C)(C)C1=CC(=C(OC(=O)C2=CC(=C(O)C(=C2)C(C)(C)C)C(C)(C)C)C=C1)C(C)(C)C,0
65039-09-0,DTXSID1041180,[Cl-].CCN1C=C[N+](C)=C1,0
7757-82-6,DTXSID1021291,[Na+].[Na+].[O-]S([O-])(=O)=O,0
68171-38-0,DTXSID601015056,CC(C)CCCCCCCCCCCCCCC(=O)OCC(C)O,0
41395-83-9,DTXSID3047182,CCCCCCCCC(=O)OCC(C)OC(=O)CCCCCCCC,0
65140-91-2,DTXSID9044249,[Ca++].CCOP([O-])(=O)CC1=CC(=C(O)C(=C1)C(C)(C)C)C(C)(C)C.CCOP([O-])(=O)CC1=CC(=C(O)C(=C1)C(C)(C)C)C(C)(C)C,0
976-56-7,DTXSID7061356,CCOP(=O)(CC1=CC(=C(O)C(=C1)C(C)(C)C)C(C)(C)C)OCC,0
73-22-3,DTXSID5021419,N[C@@H](CC1=CNC2=CC=CC=C12)C(O)=O,0
661-19-8,DTXSID4027286,CCCCCCCCCCCCCCCCCCCCCCO,0
117-08-8,DTXSID7026102,ClC1=C2C(=O)OC(=O)C2=C(Cl)C(Cl)=C1Cl,0
593-45-3,DTXSID9047172,CCCCCCCCCCCCCCCCCC,0
104-38-1,DTXSID5026702,OCCOC1=CC=C(OCCO)C=C1,0
3844-45-9,DTXSID2020189,[Na+].[Na+].CCN(CC1=CC(=CC=C1)S([O-])(=O)=O)C1=CC=C(C=C1)C(=C1C=CC(C=C1)=[N+](CC)CC1=CC(=CC=C1)S([O-])(=O)=O)C1=C(C=CC=C1)S([O-])(=O)=O,0
35074-77-2,DTXSID0027985,CC(C)(C)C1=CC(CCC(=O)OCCCCCCOC(=O)CCC2=CC(=C(O)C(=C2)C(C)(C)C)C(C)(C)C)=CC(=C1O)C(C)(C)C,0
7783-54-2,DTXSID4040181,FN(F)F,0
73947-34-9,DTXSID70881222,CCCCCCCCCC(=O)OCC(CC)(COC(=O)CCCCCCC)COC(=O)CCCCCCC,0
308065-45-4,0,0,0
36653-82-4,DTXSID4027991,CCCCCCCCCCCCCCCCO,0
126-57-8,DTXSID8027038,CCCCCCCCC(=O)OCC(CC)(COC(=O)CCCCCCCC)COC(=O)CCCCCCCC,0
143-08-8,DTXSID6022008,CCCCCCCCCO,0
112-53-8,DTXSID5026918,CCCCCCCCCCCCO,0
10025-78-2,DTXSID4029301,Cl[SiH](Cl)Cl,0
1344-00-9,DTXSID7026021,[Na+].[Al+3].[O-][Si]([O-])=O.[O-][Si]([O-])=O,0
26658-19-5,DTXSID8047054,CCCCCCCCCCCCCCCCCC(=O)OC[C@@H](OC(=O)CCCCCCCCCCCCCCCCC)[C@H]1OC[C@H](O)[C@H]1OC(=O)CCCCCCCCCCCCCCCCC,0
123-28-4,DTXSID2026999,CCCCCCCCCCCCOC(=O)CCSCCC(=O)OCCCCCCCCCCCC,0
123-35-3,DTXSID6025692,CC(C)=CCCC(=C)C=C,0
7778-18-9,DTXSID9029699,[Ca++].[O-]S([O-])(=O)=O,0
7695-91-2,DTXSID20859032,CC(C)CCCC(C)CCCC(C)CCCC1(C)CCC2=C(O1)C(C)=C(C)C(OC(C)=O)=C2C,0
693-36-7,DTXSID3027299,CCCCCCCCCCCCCCCCCCOC(=O)CCSCCC(=O)OCCCCCCCCCCCCCCCCCC,0
27871-49-4,DTXSID9074359,COC(=O)[C@H](C)O,0
17392-83-5,DTXSID201045071,COC(=O)[C@@H](C)O,0
53651-69-7,DTXSID3042344,CCCOC(=O)[C@H](C)O,0
831-52-7,DTXSID2061193,[Na+].NC1=C([O-])C(=CC(=C1)[N+]([O-])=O)[N+]([O-])=O,0
518-47-8,DTXSID9025328,[Na+].[Na+].[O-]C1=CC2=C(C=C1)C1(OC(=O)C3=C1C=CC=C3)C1=C(O2)C=C([O-])C=C1,0
104-23-4,DTXSID4041731,NC1=CC=C(C=C1)N=NC1=CC=C(C=C1)S(O)(=O)=O,0
11099-06-2,DTXSID4027731,CCO[Si](O)=O,0
71-36-3,DTXSID1021740,CCCCO,0
7681-57-4,DTXSID0029684,[Na+].[Na+].[O-]S(=O)S([O-])(=O)=O,0
355-93-1,DTXSID90880131,CC(=C)C(=O)OCC(F)(F)C(F)(F)C(F)(F)C(F)F,0
4065-45-6,DTXSID2042436,COC1=C(C=C(C(=O)C2=CC=CC=C2)C(O)=C1)S(O)(=O)=O,0
84852-53-9,DTXSID2052732,BrC1=C(Br)C(Br)=C(CCC2=C(Br)C(Br)=C(Br)C(Br)=C2Br)C(Br)=C1Br,0
2082-81-7,DTXSID4044870,CC(=C)C(=O)OCCCCOC(=O)C(C)=C,0
180898-37-7,DTXSID001021219,[Na+].[Na+].OS(=O)(=O)C1=CC(=C2NC(=NC2=C1)C1=CC=C(C=C1)C1=NC2=C(N1)C(=CC(=C2)S(O)(=O)=O)S([O-])(=O)=O)S([O-])(=O)=O,0
31570-04-4,DTXSID2027969,CC(C)(C)C1=CC(=C(OP(OC2=CC=C(C=C2C(C)(C)C)C(C)(C)C)OC2=CC=C(C=C2C(C)(C)C)C(C)(C)C)C=C1)C(C)(C)C,0
557-34-6,DTXSID8038770,[Zn++].CC([O-])=O.CC([O-])=O,0
20336-96-3,DTXSID9066596,[Li+].CCCCCCCCCCCCCC([O-])=O,0
4499-91-6,DTXSID7029667,[Li+].CCCCCCCCCCCCCCCCCCCCCC([O-])=O,0
7620-77-1,DTXSID9027655,[Li+].CCCCCCC(O)CCCCCCCCCCC([O-])=O,0
2373-38-8,DTXSID7027465,[Na+].CC(C)CC(C)OC(=O)CC(C(=O)OC(C)CC(C)C)S([O-])(=O)=O,0
23386-52-9,DTXSID8027826,[Na+].[O-]S(=O)(=O)C(CC(=O)OC1CCCCC1)C(=O)OC1CCCCC1,0
55184-72-0,DTXSID901072788,"[Na+].C*.C*.CCCCCCCCCCCCOC(=O)CC(C(=O)OCCCCCCCCCCCC)S([O-])(=O)=O |lp:17:2,19:2,23:2,24:2,38:3,39:2,40:2,m:2:16.15.14.13.12.11.10.9.8.7.6,4:25.26.27.28.29.30.31.32.33.34.35|",0
577-11-7,DTXSID8022959,[Na+].CCCCC(CC)COC(=O)CC(C(=O)OCC(CC)CCCC)S([O-])(=O)=O,0
623-84-7,DTXSID9044827,CC(COC(C)=O)OC(C)=O,0
37353-75-6,DTXSID201009550,"CC(C)(C1=CC=C(OCCCO)C=C1)C1=CC=C(OCCCO)C=C1 |c:12,24,t:3,5,15,17,lp:7:2,11:2,18:2,22:2,Sg:n:21,20,19,18::ht,Sg:n:10,9,8,7::ht|",0
94109-09-8,DTXSID60240602,CCCCCCCCCCCCCOC(=O)C1=CC(C(=O)OCCCCCCCCCCCCC)=C(C=C1)C(=O)OCCCCCCCCCCCCC,0
3319-31-1,DTXSID9026265,CCCCC(CC)COC(=O)C1=CC=C(C(=O)OCC(CC)CCCC)C(=C1)C(=O)OCC(CC)CCCC,0
13674-84-5,DTXSID5026259,CC(CCl)OP(=O)(OC(C)CCl)OC(C)CCl,0
613-62-7,DTXSID80210201,C(OC1=CC2=CC=CC=C2C=C1)C1=CC=CC=C1,0
2440-22-4,DTXSID1027479,CC1=CC(N2N=C3C=CC=CC3=N2)=C(O)C=C1,0
540-97-6,DTXSID6027183,C[Si]1(C)O[Si](C)(C)O[Si](C)(C)O[Si](C)(C)O[Si](C)(C)O[Si](C)(C)O1,0
110-05-4,DTXSID2024955,CC(C)(C)OOC(C)(C)C,0
6731-36-8,DTXSID4020165,CC1CC(C)(C)CC(C1)(OOC(C)(C)C)OOC(C)(C)C,0
127-68-4,DTXSID2027048,[Na+].[O-][N+](=O)C1=CC(=CC=C1)S([O-])(=O)=O,0
63500-71-0,DTXSID2052318,CC(C)CC1CC(C)(O)CCO1,0
27458-90-8,DTXSID8067313,CCCCCCCCCC(C)(C)SSC(C)(C)CCCCCCCCC,0
38103-06-9,DTXSID3028001,CC(C)(C1=CC=C(OC2=CC3=C(C=C2)C(=O)OC3=O)C=C1)C1=CC=C(OC2=CC3=C(C=C2)C(=O)OC3=O)C=C1,0
70356-09-1,DTXSID9044829,COC1=CC=C(C=C1)C(=O)CC(=O)C1=CC=C(C=C1)C(C)(C)C,0
32588-76-4,DTXSID6024626,BrC1=C2C(=O)N(CCN3C(=O)C4=C(C3=O)C(Br)=C(Br)C(Br)=C4Br)C(=O)C2=C(Br)C(Br)=C1Br,0
120-55-8,DTXSID0026967,O=C(OCCOCCOC(=O)C1=CC=CC=C1)C1=CC=CC=C1,0
94-13-3,DTXSID4022527,CCCOC(=O)C1=CC=C(O)C=C1,0
58567-11-6,DTXSID1052248,CCOCOC1CCCCCCCCCCC1,0
72903-27-6,DTXSID0052469,CCOC(=O)C1CCC(CC1)C(=O)OCC,0
632-79-1,DTXSID6026084,BrC1=C2C(=O)OC(=O)C2=C(Br)C(Br)=C1Br,0
110-97-4,DTXSID8020179,CC(O)CNCC(C)O,0
99-62-7,DTXSID8026640,CC(C)C1=CC(=CC=C1)C(C)C,0
126990-35-0,DTXSID80888929,CO[Si](OC)(C1CCCC1)C1CCCC1,0
105-74-8,DTXSID1059319,CCCCCCCCCCCC(=O)OOC(=O)CCCCCCCCCCC,0
13927-71-4,DTXSID90893246,CCCCN(CCCC)C(=S)S[Cu]SC(=S)N(CCCC)CCCC,0
88122-99-0,DTXSID90868994,CCCCC(CC)COC(=O)C1=CC=C(NC2=NC(NC3=CC=C(C=C3)C(=O)OCC(CC)CCCC)=NC(NC3=CC=C(C=C3)C(=O)OCC(CC)CCCC)=N2)C=C1,0
134701-20-5,DTXSID2051685,CCCCCCCCCCCCCCC(C)C1=CC(C)=CC(C)=C1O,0
616-38-6,DTXSID9029192,COC(=O)OC,0
2421-28-5,DTXSID3029233,O=C(C1=CC2=C(C=C1)C(=O)OC2=O)C1=CC2=C(C=C1)C(=O)OC2=O,0
629-73-2,DTXSID1027269,CCCCCCCCCCCCCCC=C,0
25637-99-4,DTXSID8025383,"[*]C1([*])C([*])([*])C([*])([*])C([*])([*])C([*])([*])C([*])([*])C([*])([*])C([*])([*])C([*])([*])C([*])([*])C([*])([*])C1([*])[*] |$_R1;;_R1;;_R1;_R1;;_R1;_R1;;_R1;_R1;;_R1;_R1;;_R1;_R1;;_R1;_R1;;_R1;_R1;;_R1;_R1;;_R1;_R1;;_R1;_R1;;_R1;_R1$,RG:_R1={Br* |$;_AP1$,lp:0:3|},LOG={_R1:;H;6}|",0
26040-51-7,DTXSID7027887,CCCCC(CC)COC(=O)C1=C(Br)C(Br)=C(Br)C(Br)=C1C(=O)OCC(CC)CCCC,0
17865-32-6,DTXSID40864805,CO[Si](C)(OC)C1CCCCC1,0
103597-45-1,DTXSID2046703,CC(C)(C)CC(C)(C)C1=CC(CC2=C(O)C(=CC(=C2)C(C)(C)CC(C)(C)C)N2N=C3C=CC=CC3=N2)=C(O)C(=C1)N1N=C2C=CC=CC2=N1,0
1843-05-6,DTXSID9027441,CCCCCCCCOC1=CC(O)=C(C=C1)C(=O)C1=CC=CC=C1,0
151900-44-6,DTXSID10934367,S=C(SSCCCCCCSSC(=S)N(CC1=CC=CC=C1)CC1=CC=CC=C1)N(CC1=CC=CC=C1)CC1=CC=CC=C1,0
96-49-1,DTXSID2026600,O=C1OCCO1,0
122886-55-9,DTXSID20558679,CCCCCCCCNC(=O)NC1=CC=C(CC2=CC=C(NC(=O)NCCCCCCCC)C=C2)C=C1,0
2425-77-6,DTXSID1041265,CCCCCCCCC(CO)CCCCCC,0
162881-26-7,DTXSID8044597,CC1=CC(C)=C(C(=O)P(=O)(C(=O)C2=C(C)C=C(C)C=C2C)C2=CC=CC=C2)C(C)=C1,0
10508-09-5,DTXSID9051533,CCC(C)(C)OOC(C)(C)CC,0
17928-28-8,DTXSID9025669,C[Si](C)(C)O[Si](C)(O[Si](C)(C)C)O[Si](C)(C)C,0
590-29-4,DTXSID6029626,[K+].[O-]C=O,0
1562-00-1,DTXSID7027413,[Na+].OCCS([O-])(=O)=O,0
126-58-9,DTXSID3027039,OCC(CO)(CO)COCC(CO)(CO)CO,0
461-58-5,DTXSID1020354,NC(=N)NC#N,0
56706-10-6,DTXSID5069122,CCO[Si](CCCSSCCC[Si](OCC)(OCC)OCC)(OCC)OCC,0
125-12-2,DTXSID7042061,CC(=O)O[C@H]1C[C@@H]2CC[C@@]1(C)C2(C)C,0
1120-36-1,DTXSID4027367,CCCCCCCCCCCCC=C,0
112-88-9,DTXSID3026932,CCCCCCCCCCCCCCCCC=C,0
112-41-4,DTXSID5026914,CCCCCCCCCCC=C,0
30989-05-0,DTXSID40184974,COCCOCCOCCOB(OCCOCCOCCOC)OCCOCCOCCOC,0
1304-76-3,DTXSID8046537,O=[Bi]O[Bi]=O,0
164462-16-2,DTXSID2044555,[Na+].[Na+].[Na+].CC(N(CC([O-])=O)CC([O-])=O)C([O-])=O,0
839-90-7,DTXSID4026266,OCCN1C(=O)N(CCO)C(=O)N(CCO)C1=O,0
15763-76-5,DTXSID6047523,[Na+].CC(C)C1=CC=C(C=C1)S([O-])(=O)=O,0
6846-50-0,DTXSID1027635,CC(C)C(OC(=O)C(C)C)C(C)(C)COC(=O)C(C)C,0
41484-35-9,DTXSID7028011,CC(C)(C)C1=CC(CCC(=O)OCCSCCOC(=O)CCC2=CC(=C(O)C(=C2)C(C)(C)C)C(C)(C)C)=CC(=C1O)C(C)(C)C,0
629-15-2,DTXSID4060866,O=COCCOC=O,0
17980-47-1,DTXSID1044857,CCO[Si](CC(C)C)(OCC)OCC,0
27344-06-5,DTXSID60889696,[Na+].[Na+].NC(=O)CCN(CCO)C1=NC(NC2=CC(=C(C=CC3=C(C=C(NC4=NC(NC5=CC=CC=C5)=NC(=N4)N(CCO)CCC(N)=O)C=C3)S([O-])(=O)=O)C=C2)S([O-])(=O)=O)=NC(NC2=CC=CC=C2)=N1,0
29911-27-1,DTXSID3033276,CCCOCC(C)OCC(C)O,0
124-76-5,DTXSID2042060,CC1(C)[C@@H]2CC[C@@]1(C)[C@H](O)C2,0
657-27-2,DTXSID9029198,Cl.NCCCC[C@H](N)C(O)=O,0
52556-42-0,DTXSID6028028,[Na+].OC(COCC=C)CS([O-])(=O)=O,0
2146-71-6,DTXSID7074953,CCCCCCCCCCCC(=O)OC=C,0
534-03-2,DTXSID2060202,NC(CO)CO,0
813-93-4,DTXSID6074330,[Bi+3].OC(CC([O-])=O)(CC([O-])=O)C([O-])=O,0
104-67-6,DTXSID4034287,CCCCCCCC1CCC(=O)O1,0
15520-11-3,DTXSID8065907,CC(C)(C)C1CCC(CC1)OC(=O)OOC(=O)OC1CCC(CC1)C(C)(C)C,0
33908-66-6,DTXSID30892415,[OH-].[OH-].[OH-].[OH-].[OH-].[OH-].[Na+].[Sb+5],0
23235-61-2,DTXSID9044879,CCC(CO)(CO)COCC(CC)(CO)CO,0
7299-99-2,DTXSID90864037,CCCCC(CC)C(=O)OCC(COC(=O)C(CC)CCCC)(COC(=O)C(CC)CCCC)COC(=O)C(CC)CCCC,0
35435-21-3,DTXSID70865769,CCO[Si](CC(C)CC(C)(C)C)(OCC)OCC,0
1115-20-4,DTXSID4027361,CC(C)(CO)COC(=O)C(C)(C)CO,0
5444-75-7,DTXSID4041654,CCCCC(CC)COC(=O)C1=CC=CC=C1,0
78-42-2,DTXSID0021414,CCCCC(CC)COP(=O)(OCC(CC)CCCC)OCC(CC)CCCC,0
7790-94-5,DTXSID1029706,OS(Cl)(=O)=O,0
15721-78-5,DTXSID3029310,CC(C)(C)CC(C)(C)C1=CC=C(NC2=CC=C(C=C2)C(C)(C)CC(C)(C)C)C=C1,0
2280-49-1,DTXSID4062303,ClC(Cl)(Cl)SN(C1=CC=CC=C1)S(=O)(=O)C1=CC=CC=C1,0
100402-60-6,DTXSID10143255,OCC(O)CO.OC[C@@H](O)[C@@H](O)[C@H](O)[C@@H](O[C@@H](C=O)[C@@H](O)[C@H](O)[C@H](O)CO)C=O,0
3047-32-3,DTXSID8062812,CCC1(CO)COC1,0
16774-21-3,DTXSID00893439,[NH4+].[NH4+].[Ce+4].O[N+]([O-])=O.O[N+]([O-])=O.O[N+]([O-])=O.O[N+]([O-])=O.[O-][N+]([O-])=O.[O-][N+]([O-])=O,0
1304-85-4,DTXSID40893872,[OH-].[OH-].[OH-].[OH-].[OH-].[OH-].[OH-].[OH-].[OH-].[O--].[Bi+3].[Bi+3].[Bi+3].[Bi+3].[Bi+3].[O-]N(=O)=O.[O-]N(=O)=O.[O-]N(=O)=O.[O-]N(=O)=O,0
6712-98-7,DTXSID80863933,CC(O)CN(CCO)CCO,0
106-79-6,DTXSID1026740,COC(=O)CCCCCCCCC(=O)OC,0
141-23-1,DTXSID8027086,CCCCCCC(O)CCCCCCCCCCC(=O)OC,0
67845-93-6,DTXSID0052382,CCCCCCCCCCCCCCCCOC(=O)C1=CC(=C(O)C(=C1)C(C)(C)C)C(C)(C)C,0
124172-53-8,DTXSID9073094,CC1(C)CC(CC(C)(C)N1)N(CCCCCCN(C=O)C1CC(C)(C)NC(C)(C)C1)C=O,0
84632-65-5,DTXSID5044736,ClC1=CC=C(C=C1)C1=C2C(=O)NC(=C2C(=O)N1)C1=CC=C(Cl)C=C1,0
928-96-1,DTXSID6022137,CC\C=C/CCO,0
20749-68-2,DTXSID6041260,ClC1=C(Cl)C(Cl)=C(Cl)C2=C1C(=O)N1C2=NC2=C3C(C=CC=C13)=CC=C2,0
136210-32-7,DTXSID00869856,CCOC(=O)CC(NC1CCC(CC2CCC(NC(CC(=O)OCC)C(=O)OCC)C(C)C2)CC1C)C(=O)OCC,0
27138-01-8,DTXSID601036199,"CC(C)(O)*.CC(C)(O)C1=CC=CC=C1 |c:10,12,t:8,lp:3:2,8:2,m:4:14.13.12|",0
96-26-4,DTXSID0025072,OCC(=O)CO,0
16111-62-9,DTXSID5027778,CCCCC(CC)COC(=O)OOC(=O)OCC(CC)CCCC,0
54112-23-1,DTXSID3068910,O=C(NC1=CC=C(CC2=CC=C(NC(=O)N3CCCCCC3=O)C=C2)C=C1)N1CCCCCC1=O,0
16260-09-6,DTXSID00893434,CCCCCCCCCCCCCCCC(=O)NCCCCCCCC\C=C/CCCCCCCC,0
18871-14-2,DTXSID7044556,CCCCCC1COCCC1OC(C)=O,0
14882-18-9,DTXSID6024622,O[Bi]1OC(=O)C2=CC=CC=C2O1,0
100545-48-0,DTXSID901091687,NCCN.CCCCCCC(O)CCCCCCCCCCC(O)=O,0
77745-66-5,DTXSID20228365,CC(C)CCCCCCCCCCOP(OCCCCCCCCCCC(C)C)OCCCCCCCCCCC(C)C,0
542-28-9,DTXSID6044438,O=C1CCCCO1,0
34730-59-1,DTXSID3067869,[Na+].NCCNCCS([O-])(=O)=O,0
10094-45-8,DTXSID20884445,CCCCCCCCCCCCCCCCCCNC(=O)CCCCCCCCCCC\C=C/CCCCCCCC,0
629-82-3,DTXSID20862324,CCCCCCCCOCCCCCCCC,0
2031-67-6,DTXSID6042490,CCO[Si](C)(OCC)OCC,0
1141-38-4,DTXSID5029211,OC(=O)C1=CC2=C(C=C1)C=C(C=C2)C(O)=O,0
17671-26-0,DTXSID40170175,CCCCCCCCCCCCOC(=O)CCCCCCCC,0
111850-25-0,DTXSID40888849,CC(CC(C1=CC(C2CCCCC2)=C(O)C=C1C)C1=CC(C2CCCCC2)=C(O)C=C1C)C1=CC(C2CCCCC2)=C(O)C=C1C,0
93778-52-0,DTXSID40888723,CCCCCCCCCCCCC(CCCCCCCCCC)C(O)=O,0
103-05-9,DTXSID3021851,CC(C)(O)CCC1=CC=CC=C1,0
464-45-9,DTXSID3022035,[H][C@]12CC[C@](C)([C@H](O)C1)C2(C)C,0
10431-98-8,DTXSID9065075,CCC1=NCCO1,0
462-95-3,DTXSID6052112,CCOCOCC,0
61792-09-4,DTXSID5029768,[Na+].[Na+].[Na+].[Na+].[Na+].OP([O-])(=O)CN(CCN(CP(O)([O-])=O)CP(O)([O-])=O)CCN(CP(O)([O-])=O)CP([O-])([O-])=O,0
59231-35-5,DTXSID10866750,CC(C)CCCCCCCOC(=O)CC(C)CC(C)(C)C,0
82-16-6,DTXSID9058862,CC1=CC=C(NC2=CC=CC3=C2C(=O)C2=C(NC4=CC=C(C)C=C4)C=CC=C2C3=O)C=C1,0
60623-04-3,DTXSID101014984,CCCCCCCCC(CCCCCC)C(=O)OCC(COC(=O)C(CCCCCC)CCCCCCCC)(COC(=O)C(CCCCCC)CCCCCCCC)COC(=O)C(CCCCCC)CCCCCCCC,0
72901-31-6,DTXSID901015281,CCCCCCCC\C=C/CCCCCCCCNC(=O)CCCCCCC\C=C/CCCCCCCC,0
59231-37-7,DTXSID70866751,CC(C)CCCCCCCCCCOC(=O)CC(C)CC(C)(C)C,0
667-84-5,DTXSID60862363,CCOCCCNC(=O)C(O)C(C)(C)CO,0
17372-87-1,DTXSID0025234,[Na+].[Na+].[O-]C1=C(Br)C2=C(C=C1Br)C1(OC(=O)C3=C1C=CC=C3)C1=CC(Br)=C([O-])C(Br)=C1O2,0
4851-50-7,DTXSID3063623,CC(C)(C)C1=CC=C(NC2=CC=C(NC3=CC=C(C=C3)C(C)(C)C)C3=C2C(=O)C2=C(O)C=CC(O)=C2C3=O)C=C1,0
100-86-7,DTXSID1047601,CC(C)(O)CC1=CC=CC=C1,0
115-83-3,DTXSID7026944,CCCCCCCCCCCCCCCCCC(=O)OCC(COC(=O)CCCCCCCCCCCCCCCCC)(COC(=O)CCCCCCCCCCCCCCCCC)COC(=O)CCCCCCCCCCCCCCCCC,0
55302-96-0,DTXSID70203849,CC1=C(O)C=C(NCCO)C=C1,0
98283-67-1,DTXSID70892010,CCCCCCCCCCCOC1O[C@H](CO)[C@@H](O)[C@H](O)[C@H]1O,0
41611-76-1,DTXSID6074623,CCC1=CC=CC(C)=C1NC1=CC=C(NC2=C(C)C=CC=C2CC)C2=C1C(=O)C1=CC=CC=C1C2=O,0
34396-03-7,DTXSID9042380,CO[Si](CC(C)CC(C)(C)C)(OC)OC,0
94-60-0,DTXSID3026566,COC(=O)C1CCC(CC1)C(=O)OC,0
73037-34-0,DTXSID00890327,[Na+].[Na+].CC1=CC=CC(=C1OC1=C(C=CC=C1C)S([O-])(=O)=O)S([O-])(=O)=O,0
4196-89-8,DTXSID1038822,CC(C)(COC(=O)C1=CC=CC=C1)COC(=O)C1=CC=CC=C1,0
112-95-8,DTXSID1025227,CCCCCCCCCCCCCCCCCCCC,0
84045-65-8,DTXSID80890406,[Na+].[Na+].[Na+].CCN(C1=CC=CC=C1)C1=NC(NC2=CC(=CC3=CC(=C(N=NC4=CC=C5C=CC=CC5=C4S([O-])(=O)=O)C(O)=C23)S([O-])(=O)=O)S([O-])(=O)=O)=NC(Cl)=N1,0
77-71-4,DTXSID5021754,CC1(C)NC(=O)NC1=O,0
629-78-7,DTXSID7047061,CCCCCCCCCCCCCCCCC,0
762-12-9,DTXSID0061084,CCCCCCCCCC(=O)OOC(=O)CCCCCCCCC,0
16881-77-9,DTXSID90893443,CO[SiH](C)OC,0
4430-18-6,DTXSID6041717,[Na+].CC1=CC=C(NC2=CC=C(O)C3=C2C(=O)C2=CC=CC=C2C3=O)C(=C1)S([O-])(=O)=O,0
70571-81-2,DTXSID4036485,[Na+].CC(=O)NC1=CC=CC(NC2=CC(=C(N)C3=C2C(=O)C2=CC=CC=C2C3=O)S([O-])(=O)=O)=C1,0
867-13-0,DTXSID4041573,CCOC(=O)CP(=O)(OCC)OCC,0
93777-46-9,DTXSID50918060,CCCCCCCCCCOC(=O)C(CC)CCCC,0
104-50-7,DTXSID1047609,CCCCC1CCC(=O)O1,0
930-02-9,DTXSID2061305,CCCCCCCCCCCCCCCCCCOC=C,0
32582-32-4,DTXSID60885537,CCCCCCCCCCCCCCCCC(CO)CCCCCCCCCCCCCC,0
143390-89-0,DTXSID2032558,CO\N=C(\C(=O)OC)C1=C(COC2=C(C)C=CC=C2)C=CC=C1,0
13465-77-5,DTXSID0065488,Cl[Si](Cl)(Cl)[Si](Cl)(Cl)Cl,0
75-18-3,DTXSID9026398,CSC,0
5614-37-9,DTXSID2074958,COC1CCCC1,0
107-66-4,DTXSID3040728,CCCCOP(O)(=O)OCCCC,0
7787-59-9,DTXSID2020181,Cl[Bi]=O,0
3547-33-9,DTXSID6032516,CCCCCCCCSCCO,0
15432-85-6,DTXSID60872780,[Na+].O=[Sb-](=O)=O,0
66068-84-6,DTXSID4041816,CC1C2CC(CC2C2CCC(O)CC2)C1(C)C,0
134-03-2,DTXSID0020105,[Na+].OC[C@H](O)[C@H]1OC(=O)C(O)=C1[O-],0
27676-62-6,DTXSID0027935,CC(C)(C)C1=CC(CN2C(=O)N(CC3=CC(=C(O)C(=C3)C(C)(C)C)C(C)(C)C)C(=O)N(CC3=CC(=C(O)C(=C3)C(C)(C)C)C(C)(C)C)C2=O)=CC(=C1O)C(C)(C)C,0
185857-35-6,0,0,0
65870-94-2,DTXSID00893575,CCC(COC(=O)CC(C)CC(C)(C)C)(COC(=O)CC(C)CC(C)(C)C)COC(=O)CC(C)CC(C)(C)C,0
2526-62-7,DTXSID3062493,CO[Si](CCC#N)(OC)OC,0
59-67-6,DTXSID1020932,OC(=O)C1=CC=CN=C1,0
21743-27-1,DTXSID30885180,CCO[Si](CN1CCOCC1)(OCC)OCC,0
1073126-60-9,0,0,0
51422-54-9,DTXSID7068637,CCOCCOC(C)(C)C,0
504-63-2,DTXSID8041246,OCCCO,0
111-90-0,DTXSID2021941,CCOCCOCCO,0
50586-59-9,DTXSID50894411,"CCC(COCCO)(COCCO)COCCO |lp:4:2,7:2,9:2,12:2,14:2,17:2,Sg:n:11,10,9::ht,Sg:n:4,5,6::ht,Sg:n:14,15,16::ht|",0
1314-60-9,DTXSID6050467,O=[Sb](=O)O[Sb](=O)=O,0
112-50-5,DTXSID3024368,CCOCCOCCOCCO,0
59719-67-4,DTXSID8044961,CC(C)C1OCCN1CCOC(=O)NCCCCCCNC(=O)OCCN1CCOC1C(C)C,0
4109-96-0,DTXSID1052082,Cl[SiH2]Cl,0
128-80-3,DTXSID9044376,CC1=CC=C(NC2=CC=C(NC3=CC=C(C)C=C3)C3=C2C(=O)C2=C(C=CC=C2)C3=O)C=C1,0
3891-98-3,DTXSID1058634,CCC(C)CCCC(C)CCCC(C)C,0
6600-31-3,DTXSID9052343,C1CC(CC=C1)C1OCC2(CO1)COC(OC2)C1CCC=CC1,0
629-62-9,DTXSID6027268,CCCCCCCCCCCCCCC,0
116-75-6,DTXSID3051593,CC1=CC(C)=C(NC2=CC=C(NC3=C(C)C=C(C)C=C3C)C3=C2C(=O)C2=CC=CC=C2C3=O)C(C)=C1,0
10042-59-8,DTXSID9029302,CCCCCC(CO)CCC,0
120128-90-7,DTXSID50893161,C[N+](C)(CCCNC=O)CC([O-])=O,0
13601-19-9,DTXSID3051337,[Na+].[Na+].[Na+].[Na+].N#C[Fe-4](C#N)(C#N)(C#N)(C#N)C#N,0
6938-94-9,DTXSID5027641,CC(C)OC(=O)CCCCC(=O)OC(C)C,0
1000777-61-6,DTXSID901335180,[O-]S([O-])(=O)=O.C[N+](C)(C)C12CC3CC(CC(C3)C1)C2.C[N+](C)(C)C12CC3CC(CC(C3)C1)C2,0
70969-57-2,DTXSID20893577,CCCCCCCCCCCCCCCCCC(=O)OCC(COCC(COC(=O)CCCCCCCCCCCCCCCCC)(COC(=O)CCCCCCCCCCCCCCCCC)COC(=O)CCCCCCCCCCCCCCCCC)(COC(=O)CCCCCCCCCCCCCCCCC)COC(=O)CCCCCCCCCCCCCCCCC,0
857035-95-1,DTXSID90235006,CS(O)(=O)=O.CS(O)(=O)=O.NC1=C(N)C(=O)N2CCCN12,0
7782-87-8,DTXSID2052522,[K+].[O-]P=O,0
90411-66-8,DTXSID501019586,"CCCCCCCCCCCCOC(=O)C(CC)CCCC |lp:12:2,14:2,LN:10:1.4|",0
29736-24-1,DTXSID8074360,[Na+].[Na+].OC(C([O-])=O)S([O-])(=O)=O,0
97042-18-7,DTXSID10629100,OC1=CC=C(C=C1)S(=O)(=O)C1=CC=C(OCC=C)C=C1,0
70693-39-9,DTXSID301024400,"[*]OCC(CO[*])(CO[*])CO[*] |$_R1;;;;;;_R1;;;_R1;;;_R1$,lp:1:2,5:2,8:2,11:2,RG:_R1={*[H] |$_AP1;$|},{CCCCC(*)=O |$;;;;;_AP1;$,lp:6:2|},{CCCCCCCCC(*)=O |$;;;;;;;;;_AP1;$,lp:10:2|},{CCCCCCC(*)=O |$;;;;;;;_AP1;$,lp:8:2|}|",0
12208-13-8,DTXSID101033938,[OH-].[OH-].[OH-].[OH-].[OH-].[OH-].[K+].[SbH5+3],0
112-61-8,DTXSID2047640,CCCCCCCCCCCCCCCCCC(=O)OC,0
72388-18-2,DTXSID40888147,CCCCCCCCCCCCCCC(CO)CCCCCCCCCCCC,0
121451-02-3,DTXSID0034774,FC(C(F)(F)F)C(F)(F)OC1=C(Cl)C=C(NC(=O)NC(=O)C2=C(F)C=CC=C2F)C(F)=C1Cl,0
53075-09-5,DTXSID901335104,[OH-].C[N+](C)(C)C12CC3CC(CC(C3)C1)C2,0
1174918-40-1,0,0,0
308062-60-4,DTXSID501061682,"CCNCC |lp:2:1,Sg:n:3:15-17:ht,Sg:n:1:15-17:ht|",0
124495-18-7,DTXSID2034881,FC1=CC=C(OC2=CC=NC3=CC(Cl)=CC(Cl)=C23)C=C1,0
158237-07-1,DTXSID8057988,CCN(C1CCCCC1)C(=O)N1N=NN(C1=O)C1=CC=CC=C1Cl,0
102985-93-3,DTXSID20893618,CCCCCCCCCCCC(=O)OCC(C)(C)C=O,0
1189173-49-6,0,0,0
13746-66-2,DTXSID9031939,[K+].[K+].[K+].[Fe+3].[C-]#N.[C-]#N.[C-]#N.[C-]#N.[C-]#N.[C-]#N,0
613222-52-9,DTXSID50893540,CCCCCCCCCCCC(=O)OCC(C)(C)C=NCCCCCCN=CC(C)(C)COC(=O)CCCCCCCCCCC,0
646505-36-4,DTXSID701079588,"CCC(COCCCOC(=O)\C=C(\C)NCCCN(C)C)(COCCCOC(=O)\C=C(\C)NCCCN(C)C)OCCCOC(=O)\C=C(\C)NCCCCN(C)C |lp:4:2,8:2,10:2,14:1,18:1,22:2,26:2,28:2,32:1,36:1,39:2,43:2,45:2,49:1,54:1,Sg:n:25,24,23,22::ht,Sg:n:39,40,41,42::ht,Sg:n:7,6,5,4::ht|",0
1174627-68-9,DTXSID40889275,COC(=O)C(C)CCC(=O)N(C)C,0
76950-43-1,DTXSID101020240,OCC1CN2CCN1CC2,0
164524-02-1,DTXSID901032308,[K+].CC(C)C1=CC=C(C=C1)S([O-])(=O)=O,0
13763-19-4,DTXSID00477339,Cl[Si](Cl)(Cl)[Si](Cl)(Cl)[Si](Cl)(Cl)[Si](Cl)(Cl)Cl,0
371756-75-1,DTXSID00721889,[Na+].[Na+].[Na+].[Na+].[Na+].[Na+].CC(O)CN(CC(C)O)C1=NC(NC2=CC(=C(C=CC3=C(C=C(NC4=NC(NC5=C(C=CC(=C5)S([O-])(=O)=O)S([O-])(=O)=O)=NC(=N4)N(CC(C)O)CC(C)O)C=C3)S([O-])(=O)=O)C=C2)S([O-])(=O)=O)=NC(NC2=C(C=CC(=C2)S([O-])(=O)=O)S([O-])(=O)=O)=N1,0
1229654-66-3,DTXSID40894829,CNC(=O)C1=CC(=CC(C)=C1NC(=O)C1=CC(CN2N=NC(=N2)C(F)(F)F)=NN1C1=NC=CC=C1Cl)C#N,0
1238449-42-7,DTXSID00893676,CCCCCC(CCC)COC(=O)OCC(CCC)CCCCC,0
41438-38-4,DTXSID00961682,CCOC(=O)C1=CC(=NC=C1)C(=O)OCC,0
1369492-55-6,DTXSID601035903,O\N=C1/CCCC2=C1C1CCC2C1=C(Cl)Cl,0
2495-39-8,DTXSID3041451,[Na+].[O-]S(=O)(=O)CC=C,0
144429-84-5,DTXSID80273997,CCCCC(CC)COC(=O)CCC1=CC(=C(O)C(=C1)C(C)(C)C)C(C)(C)C,0
93-83-4,DTXSID8026563,CCCCCCCC\C=C/CCCCCCCC(=O)N(CCO)CCO,0
1335203-18-3,0,0,0
10043-01-3,DTXSID2040317,[Al+3].[Al+3].[O-]S([O-])(=O)=O.[O-]S([O-])(=O)=O.[O-]S([O-])(=O)=O,0
128554-52-9,DTXSID5052670,CCCCCCC(O)CCCCCCCCCCC(=O)NCC1=CC(CNC(=O)CCCCCCCCCCC(O)CCCCCC)=CC=C1,0
111879-80-2,DTXSID5051313,O=C1CCCCCCCCC\C=C\CCCO1,0
10361-44-1,DTXSID30883121,[Bi+3].[O-][N+]([O-])=O.[O-][N+]([O-])=O.[O-][N+]([O-])=O,0
5945-33-5,DTXSID8052720,CC(C)(C1=CC=C(OP(=O)(OC2=CC=CC=C2)OC2=CC=CC=C2)C=C1)C1=CC=C(OP(=O)(OC2=CC=CC=C2)OC2=CC=CC=C2)C=C1,0
13943-58-3,DTXSID60892423,[K+].[K+].[K+].[K+].N#C[Fe-4](C#N)(C#N)(C#N)(C#N)C#N,0
84731-70-4,DTXSID001005033,CCCCC(CC)COC(=O)C1CCC(CC1)C(=O)OCC(CC)CCCC,0
81-13-0,DTXSID3022906,CC(C)(CO)[C@@H](O)C(=O)NCCCO,0
544-17-2,DTXSID0027193,[Ca++].[O-]C=O.[O-]C=O,0
544-76-3,DTXSID0027195,CCCCCCCCCCCCCCCC,0
19186-97-1,DTXSID0058691,BrCC(CBr)(CBr)COP(=O)(OCC(CBr)(CBr)CBr)OCC(CBr)(CBr)CBr,0
225789-38-8,DTXSID00872789,[Al+3].CCP([O-])(=O)CC.CCP([O-])(=O)CC.CCP([O-])(=O)CC,0
54982-83-1,DTXSID1044568,O=C1CCCCCCCCCCC(=O)OCCO1,0
46235-93-2,DTXSID2068478,CC(=C)C(=O)OCCN1CCOC1,0
15365-14-7,DTXSID20571409,[Li+].[Fe++].[O-]P([O-])([O-])=O,0
168253-59-6,DTXSID50870098,CCOC(=O)CC(NCCCC(C)CNC(CC(=O)OCC)C(=O)OCC)C(=O)OCC,0
25713-60-4,DTXSID0058695,BrC1=CC(Br)=C(OC2=NC(OC3=C(Br)C=C(Br)C=C3Br)=NC(OC3=C(Br)C=C(Br)C=C3Br)=N2)C(Br)=C1,0
502453-61-4,DTXSID50198249,[Br-].CCC[N+](C)(C)CCCNC1=C2C(=O)C3=CC=CC=C3C(=O)C2=C(NC)C=C1,0
342573-75-5,DTXSID6049274,CCOS([O-])(=O)=O.CCN1C=C[N+](C)=C1,0
439685-79-7,DTXSID10196004,CC(O)C[C@@H]1OC[C@@H](O)[C@H](O)[C@H]1O,0
89157-03-9,DTXSID00890423,[Na+].[Na+].[Na+].[Na+].[Na+].OC1=C2C(NC3=NC(Cl)=NC(NC4=CC=C(C=C4)S(=O)(=O)CCOS([O-])(=O)=O)=N3)=CC(=CC2=CC(=C1N=NC1=CC=C2C(C=CC=C2S([O-])(=O)=O)=C1S([O-])(=O)=O)S([O-])(=O)=O)S([O-])(=O)=O,0
187393-00-6,DTXSID40896984,CCCCC(CC)COC1=CC(O)=C(C=C1)C1=NC(=NC(=N1)C1=CC=C(OCC(CC)CCCC)C=C1O)C1=CC=C(OC)C=C1,0
31923-84-9,DTXSID401011884,"C*.C*.OCCOCCOCCO |lp:4:2,7:2,10:2,13:2,m:1:5.6,3:11.12,Sg:n:0,7,6,5::ht,Sg:n:2,12,11,10:m:ht|",0
124-07-2,DTXSID3021645,CCCCCCCC(O)=O,0
17772-51-9,DTXSID3066263,OC1=C(C(=O)C2=CC=CC=C12)C1=C(O)C=C2C=CC=CC2=N1,0
81-77-6,DTXSID2026280,O=C1C2=CC=CC=C2C(=O)C2=C1C=CC1=C2NC2=C(N1)C1=C(C=C2)C(=O)C2=C(C=CC=C2)C1=O,0
334-48-5,DTXSID9021554,CCCCCCCCCC(O)=O,0
27138-31-4,DTXSID6027921,"C*.C*.O=C(OCCOCCOC(=O)C1=CC=CC=C1)C1=CC=CC=C1 |c:15,17,22,24,t:13,20,lp:4:2,6:2,9:2,12:2,14:2,m:1:10.11,3:7.8|",0
7440-31-5,DTXSID1049801,[Sn],0
31274-51-8,DTXSID30185197,C1=CC=C(C=C1)C1=CC=C(C=C1)C1=NC(=NC(=N1)C1=CC=C(C=C1)C1=CC=CC=C1)C1=CC=C(C=C1)C1=CC=CC=C1,0
79-14-1,DTXSID0025363,OCC(O)=O,0
2897-60-1,DTXSID2044638,CCO[Si](C)(CCCOCC1CO1)OCC,0
7681-53-0,DTXSID30873901,[Na+].[H]P([H])([O-])=O,0
1569-02-4,DTXSID1041267,CCOCC(C)O,0
81-14-1,DTXSID6025690,CC(=O)C1=C(C)C(=C(C(=C1C)[N+]([O-])=O)C(C)(C)C)[N+]([O-])=O,0
99-76-3,DTXSID4022529,COC(=O)C1=CC=C(O)C=C1,0
6303-21-5,DTXSID90873902,[H]P([H])(O)=O,0
100-79-8,DTXSID9021845,CC1(C)OCC(CO)O1,0
27344-41-8,DTXSID6036467,[Na+].[Na+].[O-]S(=O)(=O)C1=CC=CC=C1C=CC1=CC=C(C=C1)C1=CC=C(C=CC2=CC=CC=C2S([O-])(=O)=O)C=C1,0
115-77-5,DTXSID2026943,OCC(CO)(CO)CO,0
120-61-6,DTXSID0020498,COC(=O)C1=CC=C(C=C1)C(=O)OC,0
1934-21-0,DTXSID1021455,[Na+].[Na+].[Na+].[O-]C(=O)C1=C(N=NC2=CC=C(C=C2)S([O-])(=O)=O)C(=O)N(N1)C1=CC=C(C=C1)S([O-])(=O)=O,0
7360-38-5,DTXSID00864043,CCCCC(CC)C(=O)OCC(COC(=O)C(CC)CCCC)OC(=O)C(CC)CCCC,0
872-05-9,DTXSID8027329,CCCCCCCCC=C,0
304-59-6,DTXSID90889341,[Na+].[K+].O[C@H]([C@@H](O)C([O-])=O)C([O-])=O,0
112-05-0,DTXSID3021641,CCCCCCCCC(O)=O,0
971-15-3,DTXSID4020535,S=C(SSSSSSC(=S)N1CCCCC1)N1CCCCC1,0
5333-42-6,DTXSID3036288,CCCCCCCCCCC(CO)CCCCCCCC,0
22047-49-0,DTXSID9047178,CCCCCCCCCCCCCCCCCC(=O)OCC(CC)CCCC,0
7365-45-9,DTXSID5040382,OCCN1CCN(CCS(O)(=O)=O)CC1,0
2580-78-1,DTXSID5025992,[Na+].[Na+].NC1=C(C=C(NC2=CC(=CC=C2)S(=O)(=O)CCOS([O-])(=O)=O)C2=C1C(=O)C1=C(C=CC=C1)C2=O)S([O-])(=O)=O,0
111-55-7,DTXSID0026880,CC(=O)OCCOC(C)=O,0
34690-00-1,DTXSID9029358,OP(O)(=O)CN(CCCCCCN(CP(O)(O)=O)CP(O)(O)=O)CCCCCCN(CP(O)(O)=O)CP(O)(O)=O,0
141-53-7,DTXSID2027090,[Na+].[O-]C=O,0
111-66-0,DTXSID6025804,CCCCCCC=C,0
3006-82-4,DTXSID0027511,CCCCC(CC)C(=O)OOC(C)(C)C,0
109-60-4,DTXSID6021901,CCCOC(C)=O,0
112-84-5,DTXSID4026929,CCCCCCCC\C=C/CCCCCCCCCCCC(N)=O,0
57-13-6,DTXSID4021426,NC(N)=O,0
126-30-7,DTXSID8027036,CC(C)(CO)CO,0
1215841-86-3,DTXSID401020570,OCCN(CCO)C(=O)[C@H]1CC[C@@H](CC1)C(=O)N(CCO)CCO,0
85-60-9,DTXSID8029602,CCCC(C1=CC(=C(O)C=C1C)C(C)(C)C)C1=CC(=C(O)C=C1C)C(C)(C)C,0
2163-42-0,DTXSID3029231,CC(CO)CO,0
686-31-7,DTXSID60862368,CCCCC(CC)C(=O)OOC(C)(C)CC,0
657-84-1,DTXSID9042415,[Na+].CC1=CC=C(C=C1)S([O-])(=O)=O,0
629-11-8,DTXSID1027265,OCCCCCCO,0
37971-36-1,DTXSID4027999,OC(=O)CCC(CC(O)=O)(C(O)=O)P(O)(O)=O,0
6683-19-8,DTXSID1027633,CC(C)(C)C1=CC(CCC(=O)OCC(COC(=O)CCC2=CC(=C(O)C(=C2)C(C)(C)C)C(C)(C)C)(COC(=O)CCC2=CC(=C(O)C(=C2)C(C)(C)C)C(C)(C)C)COC(=O)CCC2=CC(=C(O)C(=C2)C(C)(C)C)C(C)(C)C)=CC(=C1O)C(C)(C)C,0
123-42-2,DTXSID6024917,CC(=O)CC(C)(C)O,0
67-68-5,DTXSID2021735,CS(C)=O,0
79-94-7,DTXSID1026081,CC(C)(C1=CC(Br)=C(O)C(Br)=C1)C1=CC(Br)=C(O)C(Br)=C1,0
142-90-5,DTXSID4027103,CCCCCCCCCCCCOC(=O)C(C)=C,0
112-34-5,DTXSID8021519,CCCCOCCOCCO,0
7785-87-7,DTXSID9044160,[Mn++].[O-]S([O-])(=O)=O,0
7550-45-0,DTXSID8042476,Cl[Ti](Cl)(Cl)Cl,0
2082-79-3,DTXSID8027456,CCCCCCCCCCCCCCCCCCOC(=O)CCC1=CC(=C(O)C(=C1)C(C)(C)C)C(C)(C)C,0
23128-74-7,DTXSID5044233,CC(C)(C)C1=CC(CCC(=O)NCCCCCCNC(=O)CCC2=CC(=C(O)C(=C2)C(C)(C)C)C(C)(C)C)=CC(=C1O)C(C)(C)C,0
868-77-9,DTXSID7022128,CC(=C)C(=O)OCCO,0
592-41-6,DTXSID4025402,CCCCC=C,0
55406-53-6,DTXSID0028038,CCCCNC(=O)OCC#CI,1
137-26-8,DTXSID5021332,CN(C)C(=S)SSC(=S)N(C)C,1
51-03-6,DTXSID1021166,CCCCOCCOCCOCC1=CC2=C(OCO2)C=C1CCC,1
84-65-1,DTXSID3020095,O=C1C2=C(C=CC=C2)C(=O)C2=C1C=CC=C2,1
1306-19-0,DTXSID0024715,O=[Cd],1
2855-13-2,DTXSID6027503,CC1(C)CC(N)CC(C)(CN)C1,1
330-54-1,DTXSID0020446,CN(C)C(=O)NC1=CC(Cl)=C(Cl)C=C1,1
13463-41-7,DTXSID7026314,[O-]1N2C=CC=CC2=[S][Zn++]11[O-]N2C=CC=CC2=[S]1,1
137-30-4,DTXSID0021464,[Zn++].CN(C)C([S-])=S.CN(C)C([S-])=S,1
13048-33-4,DTXSID9025401,C=CC(=O)OCCCCCCOC(=O)C=C,1
102-06-7,DTXSID3025178,N=C(NC1=CC=CC=C1)NC1=CC=CC=C1,1
7681-52-9,DTXSID8021276,[Na+].[O-]Cl,1
7761-88-8,DTXSID3032042,[Ag+].[O-][N+]([O-])=O,1
96-29-7,DTXSID1021821,CCC(C)=NO,1
90-43-7,DTXSID2021151,OC1=C(C=CC=C1)C1=CC=CC=C1,1
1879-09-0,DTXSID6041551,CC1=CC(C)=C(O)C(=C1)C(C)(C)C,1
119-61-9,DTXSID0021961,O=C(C1=CC=CC=C1)C1=CC=CC=C1,1
55-55-0,DTXSID6025565,OS(O)(=O)=O.CNC1=CC=C(O)C=C1.CNC1=CC=C(O)C=C1,1
102-77-2,DTXSID0021096,C1CN(CCO1)SC1=NC2=C(S1)C=CC=C2,1
561-41-1,DTXSID00204642,CNC1=CC=C(C=C1)C(O)(C1=CC=C(C=C1)N(C)C)C1=CC=C(C=C1)N(C)C,1
58594-72-2,DTXSID3034662,OS(O)(=O)=O.ClC1=CC(Cl)=C(C=C1)C(CN1C=CN=C1)OCC=C,1
520-45-6,DTXSID6020014,CC(=O)C1C(=O)OC(C)=CC1=O,1
111-48-8,DTXSID6026878,OCCSCCO,1
107-18-6,DTXSID8020044,OCC=C,1
120-78-5,DTXSID1020146,S(SC1=NC2=C(S1)C=CC=C2)C1=NC2=C(S1)C=CC=C2,1
2224-33-1,DTXSID4062278,CCC(C)=NO[Si](ON=C(C)CC)(ON=C(C)CC)C=C,1
4418-26-2,DTXSID7026029,[Na+].C\C([O-])=C1/C(=O)OC(C)=CC1=O,1
79-08-3,DTXSID7021495,OC(=O)CBr,1
101-72-4,DTXSID1025485,CC(C)NC1=CC=C(NC2=CC=CC=C2)C=C1,1
556-61-6,DTXSID2027204,CN=C=S,1
5064-31-3,DTXSID8027587,[Na+].[Na+].[Na+].[O-]C(=O)CN(CC([O-])=O)CC([O-])=O,1
22984-54-9,DTXSID3027823,CCC(C)=NO[Si](C)(ON=C(C)CC)ON=C(C)CC,1
20667-12-3,DTXSID40893897,[Ag]O[Ag],1
112-38-9,DTXSID8035001,OC(=O)CCCCCCCCC=C,1
95-33-0,DTXSID5020360,C1CCC(CC1)NSC1=NC2=C(S1)C=CC=C2,1
4180-23-8,DTXSID9020087,COC1=CC=C(\C=C\C)C=C1,1
128-44-9,DTXSID5021253,[Na+].O=C1[N-]S(=O)(=O)C2=CC=CC=C12,1
137-16-6,DTXSID0027066,[Na+].CCCCCCCCCCCC(=O)N(C)CC([O-])=O,1
7631-95-0,DTXSID2052788,[O--].[O--].[O--].[O--].[Na+].[Na+].[Mo+6],1
110-44-1,DTXSID3021277,C\C=C\C=C\C(O)=O,1
576-26-1,DTXSID9024063,CC1=CC=CC(C)=C1O,1
91-66-7,DTXSID8021800,CCN(CC)C1=CC=CC=C1,1
591-27-5,DTXSID3024497,NC1=CC(O)=CC=C1,1
27610-92-0,DTXSID40884907,CCCCCCC(CCCC)C(O)=O,1
770-35-4,DTXSID9027312,CC(O)COC1=CC=CC=C1,1
5932-68-3,DTXSID50872350,COC1=CC(\C=C\C)=CC=C1O,1
58430-94-7,DTXSID0041270,CC(CCOC(C)=O)CC(C)(C)C,1
2996-92-1,DTXSID5040700,CO[Si](OC)(OC)C1=CC=CC=C1,1
103-34-4,DTXSID8026698,C1CN(CCO1)SSN1CCOCC1,1
34432-92-3,DTXSID60865718,CCN(CCOC(C)OCC(C)C)C1=CC=C(C=C1)N=NC1=CC=CC=C1,1
13048-34-5,DTXSID40893231,C=CC(=O)OCCCCCCCCCCOC(=O)C=C,1
4985-85-7,DTXSID2044680,NCCCN(CCO)CCO,1
7778-74-7,DTXSID3047003,[K+].[O-][Cl](=O)(=O)=O,1
5470-11-1,DTXSID7025425,[Cl-].[NH3+]O,1
506-93-4,DTXSID3027164,NC(N)=N.O[N+]([O-])=O,1
79-77-6,DTXSID4021769,CC(=O)\C=C\C1=C(C)CCCC1(C)C,1
7783-90-6,DTXSID4035251,[Cl-].[Ag+],1
18472-51-0,DTXSID5034519,OC[C@@H](O)[C@@H](O)[C@H](O)[C@@H](O)C(O)=O.OC[C@@H](O)[C@@H](O)[C@H](O)[C@@H](O)C(O)=O.ClC1=CC=C(NC(=N)NC(=N)NCCCCCCNC(=N)NC(=N)NC2=CC=C(Cl)C=C2)C=C1,1
94441-92-6,DTXSID60888740,[Na+].CCCCC(CC)CN(CCC(O)=O)CCC([O-])=O,1
105-65-7,DTXSID30871588,CC(C)OC(=S)SSC(=S)OC(C)C,1
51-34-3,DTXSID6023573,CN1[C@H]2C[C@@H](C[C@@H]1[C@H]1O[C@@H]21)OC(=O)[C@H](CO)C1=CC=CC=C1,1
68515-51-5,DTXSID50892134,"CCOC(=O)C1=C(C=CC=C1)C(=O)OCC |c:7,9,t:5,lp:2:2,4:2,12:2,13:2,Sg:n:1:5-9:ht,Sg:n:14:5-9:ht|",1
4454-16-4,DTXSID40890588,[Ni++].CCCCC(CC)C([O-])=O.CCCCC(CC)C([O-])=O,1
1908-87-8,DTXSID0062054,CN1CCSC1=S,1
126-97-6,DTXSID7059569,NCCO.OC(=O)CS,1
27104-30-9,DTXSID40949863,Cl.NC([O-])=N.OC[P+](CO)(CO)CO,1
55566-30-8,DTXSID0021331,[O-]S([O-])(=O)=O.OC[P+](CO)(CO)CO.OC[P+](CO)(CO)CO,1
693-33-4,DTXSID8027298,CCCCCCCCCCCCCCCC[N+](C)(C)CC([O-])=O,1
52558-73-3,DTXSID7068766,CCCCCCCCCCCCCC(=O)N(C)CC(O)=O,1
683-10-3,DTXSID6041266,CCCCCCCCCCCC[N+](C)(C)CC([O-])=O,1
2785-87-7,DTXSID2047199,CCCC1=CC(OC)=C(O)C=C1,1
150-38-9,DTXSID7020556,[Na+].[Na+].[Na+].OC(=O)CN(CCN(CC([O-])=O)CC([O-])=O)CC([O-])=O,1
30364-51-3,DTXSID7042013,[Na+].CCCCCCCCCCCCCC(=O)N(C)CC([O-])=O,1
100-00-5,DTXSID5020281,[O-][N+](=O)C1=CC=C(Cl)C=C1,1
109-52-4,DTXSID7021655,CCCCC(O)=O,1
3031-66-1,DTXSID3044910,CC(O)C#CC(C)O,1
1067-33-0,DTXSID3020419,CCCC[Sn](CCCC)(OC(C)=O)OC(C)=O,1
123-39-7,DTXSID0025608,CNC=O,1
34036-80-1,DTXSID30865700,CCC(C)=NO[Si](ON=C(C)CC)(ON=C(C)CC)C1=CC=CC=C1,1
30007-47-7,DTXSID1044560,[O-][N+](=O)C1(Br)COCOC1,1
88-30-2,DTXSID7021788,OC1=CC(=C(C=C1)[N+]([O-])=O)C(F)(F)F,1
831-82-3,DTXSID2022127,OC1=CC=C(OC2=CC=CC=C2)C=C1,1
135590-91-9,DTXSID6037564,CCOC(=O)C1=NN(C2=C(Cl)C=C(Cl)C=C2)C(C)(C1)C(=O)OCC,1
7789-82-4,DTXSID001014486,[O--].[O--].[O--].[O--].[Ca++].[Mo+6],1
2414-98-4,DTXSID3044885,[Mg++].CC[O-].CC[O-],1
18868-43-4,DTXSID10879986,O=[Mo]=O,1
104-68-7,DTXSID0051528,OCCOCCOC1=CC=CC=C1,1
3648-20-2,DTXSID7025215,CCCCCCCCCCCOC(=O)C1=CC=CC=C1C(=O)OCCCCCCCCCCC,1
7785-23-1,DTXSID4064844,Br[Ag],1
13769-81-8,DTXSID90893968,[Fe+3].[Fe+3].[O-][Mo]([O-])(=O)=O.[O-][Mo]([O-])(=O)=O.[O-][Mo]([O-])(=O)=O,1
367-51-1,DTXSID3026142,[Na+].[O-]C(=O)CS,1
68299-15-0,DTXSID1071400,CCCCCCCC[Sn](CCCCCCCC)(OC(=O)C(C)(C)CCC(C)(C)C)OC(=O)C(C)(C)CCC(C)(C)C,1
7585-39-9,DTXSID1020358,[H][C@@]12O[C@H](CO)[C@@]([H])(O[C@@]3([H])O[C@H](CO)[C@@]([H])(O[C@@]4([H])O[C@H](CO)[C@@]([H])(O[C@@]5([H])O[C@H](CO)[C@@]([H])(O[C@@]6([H])O[C@H](CO)[C@@]([H])(O[C@@]7([H])O[C@H](CO)[C@@]([H])(O[C@@]8([H])O[C@H](CO)[C@@]([H])(O1)[C@H](O)[C@H]8O)[C@H](O)[C@H]7O)[C@H](O)[C@H]6O)[C@H](O)[C@H]5O)[C@H](O)[C@H]4O)[C@H](O)[C@H]3O)[C@H](O)[C@H]2O,1
5413-60-5,DTXSID4029270,CC(=O)OC1CC2CC1C1CC=CC21,1
534-16-7,DTXSID9042384,[Ag+].[Ag+].[O-]C([O-])=O,1
59219-71-5,DTXSID80866747,CC(CCOC(=O)CC(C)CC(C)(C)C)CC(C)(C)C,1
16958-92-2,DTXSID9027786,CCCCCCCCCCCCCOC(=O)CCCCC(=O)OCCCCCCCCCCCCC,1
97-53-0,DTXSID9020617,COC1=C(O)C=CC(CC=C)=C1,1
365400-11-9,DTXSID2044343,CN1N=C(C)C(C(=O)C2=C(C=C(C=C2)C(F)(F)F)S(C)(=O)=O)=C1O,1
34206-40-1,DTXSID2067822,CCC(C)=NO[Si](ON=C(C)CC)(ON=C(C)CC)ON=C(C)CC,1
181587-01-9,DTXSID6058003,CCS(=O)C1=C(N)N(N=C1C#N)C1=C(Cl)C=C(C=C1Cl)C(F)(F)F,1
25899-50-7,DTXSID2027884,CC\C=C/C#N,1
106-26-3,DTXSID60881216,CC(C)=CCC\C(C)=C/C=O,1
84604-96-6,DTXSID901004901,[Zn++].CC(CCN(CCC(C)CC(C)(C)C)C([S-])=S)CC(C)(C)C.CC(CCN(CCC(C)CC(C)(C)C)C([S-])=S)CC(C)(C)C,1
12411-64-2,DTXSID40872768,[NH4+].[NH4+].[NH4+].[NH4+].[O--].[O--].[O--].[O--].[O--].[O--].[O--].[O--].[O--].[O--].[O--].[O--].O=[Mo+4].O=[Mo+4].O=[Mo++]=O.O=[Mo++]=O.O=[Mo++]=O.O=[Mo++]=O.O=[Mo++]=O.O=[Mo++]=O,1
7783-96-2,DTXSID0064836,[Ag]I,1
111-69-3,DTXSID3021936,N#CCCCCC#N,1
756-79-6,DTXSID0020494,COP(C)(=O)OC,1
137296-15-2,DTXSID601021043,[NH4+].C[C@H](O)C([O-])=O,1
93-15-2,DTXSID5025607,COC1=CC=C(CC=C)C=C1OC,1
106705-37-7,DTXSID60598337,[Sr++].CC(C)(C)CCCCCC([O-])=O.CC(C)(C)CCCCCC([O-])=O,1
10294-26-5,DTXSID70172884,[Ag+].[Ag+].[O-]S([O-])(=O)=O,1
10025-82-8,DTXSID8033566,Cl[In](Cl)Cl,1
12158-74-6,DTXSID30872550,[OH-].[Cu++].[Cu++].[O-]P([O-])([O-])=O,1
6358-09-4,DTXSID9043855,NC1=C(O)C(Cl)=CC(=C1)[N+]([O-])=O,1
957787-76-7,DTXSID00889256,CC(NCCCCCCNC(C)C(C)(C)C)C(C)(C)C,1
5912-87-8,DTXSID601020590,COC1=C(OC(C)=O)C=CC(\C=C\C)=C1,1
1079221-49-0,DTXSID801024736,Cl.NC1=C2C=CC=CN2N=C1OCCO,1
24634-61-5,DTXSID7027835,[K+].C\C=C\C=C\C([O-])=O,1
132-27-4,DTXSID2021153,[Na+].[O-]C1=C(C=CC=C1)C1=CC=CC=C1,1
1332-77-0,DTXSID2052782,[K+].[K+].[O-]B1OB2OB([O-])OB(O1)O2,1
84-61-7,DTXSID5025021,O=C(OC1CCCCC1)C1=C(C=CC=C1)C(=O)OC1CCCCC1,1
71868-10-5,DTXSID8038857,CSC1=CC=C(C=C1)C(=O)C(C)(C)N1CCOCC1,1
2457--02-5,DTXSID50890559,[Sr++].CCCCC(CC)C([O-])=O.CCCCC(CC)C([O-])=O,1
96-45-7,DTXSID5020601,S=C1NCCN1,1
52408-84-1,DTXSID50894416,"C=CC(=O)OCCCOCC(COCCCOC(=O)C=C)OCCCOC(=O)C=C |lp:3:2,4:2,8:2,12:2,16:2,18:2,21:2,25:2,27:2,Sg:n:8,5,7,6::ht,Sg:n:21,24,22,23::ht,Sg:n:12,15,13,14::ht|",1
840-65-3,DTXSID6029202,COC(=O)C1=CC2=C(C=C1)C=C(C=C2)C(=O)OC,1
950782-86-2,DTXSID0058223,CC(F)C1=NC(N)=NC(N[C@@H]2[C@@H](C)CC3=C2C=C(C)C=C3)=N1,1
93-04-9,DTXSID7044392,COC1=CC2=C(C=CC=C2)C=C1,1
3811-73-2,DTXSID3042390,[Na+].[O-][N+]1=C([S-])C=CC=C1,1
818-08-6,DTXSID4027315,CCCC[Sn](=O)CCCC,1
75-07-0,DTXSID5039224,CC=O,1
26628-22-8,DTXSID8020121,[Na+].[N-]=[N+]=[N-],1
5421-46-5,DTXSID2027599,[NH4+].[O-]C(=O)CS,1
4767-03-7,DTXSID4027577,CC(CO)(CO)C(O)=O,1
3081-14-9,DTXSID2024618,CC(C)CCC(C)NC1=CC=C(NC(C)CCC(C)C)C=C1,1
110-88-3,DTXSID4021925,C1OCOCO1,1
92-52-4,DTXSID4020161,C1=CC=C(C=C1)C1=CC=CC=C1,1
15571-58-1,DTXSID8029735,CCCCCCCC[Sn](CCCCCCCC)(SCC(=O)OCC(CC)CCCC)SCC(=O)OCC(CC)CCCC,1
79-43-6,DTXSID2020428,OC(=O)C(Cl)Cl,1
7440-22-4,DTXSID4024305,[Ag],1
91-20-3,DTXSID8020913,C1=CC2=CC=CC=C2C=C1,1
7775-19-1,DTXSID2034386,[Na+].[O-]B=O,1
64-17-5,DTXSID9020584,CCO,1
122-99-6,DTXSID9021976,OCCOC1=CC=CC=C1,1
80-43-3,DTXSID1025017,CC(C)(OOC(C)(C)C1=CC=CC=C1)C1=CC=CC=C1,1
96-48-0,DTXSID6020224,O=C1CCCO1,1
128-37-0,DTXSID2020216,CC1=CC(=C(O)C(=C1)C(C)(C)C)C(C)(C)C,1
2873-97-4,DTXSID1024916,CC(=O)CC(C)(C)NC(=O)C=C,1
3302-10-1,DTXSID6029254,CC(CC(O)=O)CC(C)(C)C,1
2687-91-4,DTXSID3044413,CCN1CCCC1=O,1
27178-16-1,DTXSID1027924,"C*.C*.CCCCCCCCCOC(=O)CCCCC(=O)OCCCCCCCCC |lp:13:2,15:2,21:2,22:2,m:1:23.24.25.26.27.28.29.30,3:12.11.10.9.8.7.6.5|",1
124-09-4,DTXSID5024922,NCCCCCCN,1
1313-27-5,DTXSID7020899,O=[Mo](=O)=O,1
7439-98-7,DTXSID1024207,[Mo],1
111-42-2,DTXSID3021932,OCCNCCO,1
7631-86-9,DTXSID1029677,O=[Si]=O,1
